,id,Title,Rotten_Tomatoes_Rating,IMDB_Rating,Genre,Gross Income,Production Budget
3,3,The Abyss,88.0,7.6,Action,54243125.0,70000000.0
4,4,Ace Ventura: Pet Detective,49.0,6.6,Comedy,72217396.0,12000000.0
6,6,Annie Hall,98.0,8.2,Comedy,38251425.0,4000000.0
7,7,Apocalypse Now,98.0,8.6,Action,78800000.0,31500000.0
8,8,Back to the Future,96.0,8.4,Adventure,210609762.0,19000000.0
9,9,Back to the Future Part II,64.0,7.5,Adventure,118450002.0,40000000.0
10,10,Back to the Future Part III,71.0,7.1,Adventure,87666629.0,40000000.0
12,12,Bad Boys,39.0,6.6,Action,65647413.0,23000000.0
14,14,Ben-Hur,91.0,8.2,Adventure,73000000.0,15000000.0
15,15,Beverly Hills Cop,83.0,7.3,Action,234760478.0,15000000.0
16,16,Big,96.0,7.2,Comedy,114968774.0,18000000.0
19,19,The Bridge on the River Kwai,95.0,8.4,Drama,33300000.0,3000000.0
20,20,Braveheart,77.0,8.4,Drama,75545647.0,72000000.0
22,22,Blazing Saddles,89.0,7.8,Comedy,119500000.0,2600000.0
24,24,Batman Returns,78.0,6.9,Action,162831698.0,80000000.0
25,25,Batman Forever,43.0,5.4,Action,184031112.0,100000000.0
26,26,Batman,71.0,7.6,Action,251188924.0,35000000.0
28,28,Casino Royale,30.0,8.0,Comedy,22744718.0,12000000.0
29,29,Close Encounters of the Third Kind,95.0,7.8,Adventure,166000000.0,20000000.0
30,30,The Cable Guy,52.0,5.8,Comedy,60240295.0,47000000.0
31,31,A Christmas Story,88.0,8.0,Comedy,19294144.0,3250000.0
32,32,Clerks,88.0,7.9,Comedy,3073428.0,27000.0
33,33,Clash of the Titans,65.0,5.9,Adventure,30000000.0,15000000.0
34,34,Casablanca,97.0,8.8,Drama,10462500.0,950000.0
35,35,Casino,81.0,8.1,Drama,42438300.0,52000000.0
37,37,Desperado,61.0,7.0,Action,25532388.0,7000000.0
40,40,Dead Poets' Society,86.0,7.8,Drama,95860116.0,16400000.0
49,49,Edward Scissorhands,91.0,8.0,Comedy,53976987.0,20000000.0
50,50,Ed Wood,91.0,8.1,Comedy,5828466.0,18000000.0
55,55,A Few Good Men,83.0,7.6,Drama,141340178.0,33000000.0
57,57,Forrest Gump,70.0,8.6,Drama,329694499.0,55000000.0
62,62,Goodfellas,97.0,8.8,Drama,46743809.0,25000000.0
65,65,Ghost,81.0,6.9,Drama,217631306.0,22000000.0
66,66,Goldeneye,80.0,7.2,Action,106429941.0,60000000.0
67,67,Glory,93.0,8.0,Action,26593580.0,18000000.0
68,68,Gandhi,85.0,8.2,Drama,52767889.0,22000000.0
69,69,Goldfinger,96.0,7.9,Action,51100000.0,3000000.0
70,70,Groundhog Day,96.0,8.2,Comedy,70906973.0,14600000.0
71,71,Gremlins,78.0,7.0,Comedy,148168459.0,11000000.0
72,72,Gone with the Wind,97.0,8.2,Drama,198680470.0,3900000.0
73,73,Highlander,66.0,7.2,Action,5900000.0,16000000.0
74,74,Home Alone 2: Lost in New York,21.0,5.8,Comedy,173585516.0,20000000.0
75,75,Home Alone,47.0,7.0,Comedy,285761243.0,15000000.0
76,76,Hook,24.0,6.2,Adventure,119654823.0,70000000.0
77,77,Happy Gilmore,58.0,6.9,Comedy,38623460.0,10000000.0
80,80,Independence Day,61.0,6.5,Adventure,306169255.0,75000000.0
82,82,JFK,83.0,8.0,Drama,70405498.0,40000000.0
83,83,Jumanji,48.0,6.4,Adventure,100458310.0,65000000.0
84,84,Jurassic Park,87.0,7.9,Action,357067947.0,63000000.0
86,86,Kindergarten Cop,50.0,5.8,Comedy,91457688.0,26000000.0
88,88,Last Action Hero,38.0,5.9,Action,50016394.0,85000000.0
90,90,AlienÂ³,37.0,6.3,Action,54927174.0,55000000.0
91,91,The Lion King,92.0,8.2,Adventure,328539505.0,79300000.0
92,92,The Last of the Mohicans,97.0,7.8,Action,72455275.0,40000000.0
93,93,Lethal Weapon,90.0,7.6,Action,65192350.0,15000000.0
94,94,Leaving Las Vegas,89.0,7.6,Drama,31983777.0,4000000.0
95,95,Lawrence of Arabia,98.0,8.6,Adventure,37495385.0,15000000.0
96,96,The Mask,75.0,6.6,Comedy,119920129.0,18000000.0
97,97,Mars Attacks!,50.0,6.3,Comedy,37771017.0,80000000.0
98,98,Amadeus,96.0,8.4,Drama,51973029.0,18000000.0
100,100,Mallrats,53.0,7.1,Comedy,2108367.0,6100000.0
101,101,Mrs. Doubtfire,64.0,6.6,Comedy,219195051.0,25000000.0
103,103,Indiana Jones and the Temple of Doom,85.0,7.5,Adventure,179880271.0,28000000.0
104,104,Indiana Jones and the Last Crusade,89.0,8.3,Adventure,197171806.0,48000000.0
105,105,The English Patient,83.0,7.3,Drama,78716374.0,35000000.0
109,109,Philadelphia,74.0,7.6,Drama,77324422.0,26000000.0
112,112,Platoon,86.0,8.2,Drama,137963328.0,6000000.0
113,113,Predator,76.0,7.8,Action,59735548.0,18000000.0
114,114,The Princess Bride,95.0,8.1,Adventure,30857000.0,15000000.0
117,117,Pulp Fiction,94.0,8.9,Drama,107928762.0,8000000.0
119,119,Robin Hood: Prince of Thieves,56.0,6.7,Adventure,165493908.0,50000000.0
120,120,Raging Bull,98.0,8.4,Drama,23380203.0,18000000.0
121,121,RoboCop,88.0,7.6,Action,53424681.0,13000000.0
125,125,Rain Man,87.0,8.0,Comedy,172825435.0,25000000.0
126,126,The Rock,66.0,7.2,Action,134069511.0,75000000.0
127,127,Airplane!,98.0,7.8,Comedy,83453539.0,3500000.0
129,129,Scarface,88.0,8.2,Drama,44942821.0,25000000.0
130,130,Schindler's List,97.0,8.9,Drama,96067179.0,25000000.0
131,131,Spartacus,96.0,8.0,Action,30000000.0,12000000.0
132,132,Stargate,46.0,6.7,Action,71565669.0,55000000.0
134,134,The Shawshank Redemption,88.0,9.2,Drama,28241469.0,25000000.0
136,136,Sling Blade,96.0,8.0,Drama,24475416.0,4833610.0
138,138,Sleepers,73.0,7.3,Drama,53300852.0,44000000.0
139,139,The Usual Suspects,87.0,8.7,Drama,23341568.0,6000000.0
141,141,Spaceballs,65.0,6.9,Comedy,38119483.0,22700000.0
142,142,Stand by Me,94.0,8.2,Drama,52287414.0,8000000.0
145,145,Top Gun,45.0,6.5,Action,176786701.0,15000000.0
147,147,Trainspotting,89.0,8.2,Drama,16501785.0,3100000.0
148,148,True Lies,69.0,7.2,Action,146282411.0,100000000.0
149,149,Terminator 2: Judgment Day,98.0,8.5,Action,204859496.0,100000000.0
150,150,The Terminator,100.0,8.1,Action,38019031.0,6400000.0
152,152,Total Recall,81.0,7.4,Action,119394839.0,65000000.0
153,153,Twister,57.0,6.0,Action,241888385.0,88000000.0
154,154,Taxi Driver,98.0,8.6,Drama,21100000.0,1000000.0
155,155,Toy Story,100.0,8.2,Adventure,191796233.0,30000000.0
156,156,The Untouchables,81.0,8.0,Action,76270454.0,25000000.0
157,157,Who Framed Roger Rabbit?,98.0,7.6,Comedy,154112492.0,70000000.0
158,158,What's Eating Gilbert Grape,88.0,7.8,Drama,9170214.0,11000000.0
159,159,Waterworld,42.0,5.7,Action,88246220.0,175000000.0
161,161,Wayne's World,84.0,6.9,Comedy,121697323.0,20000000.0
166,166,Cloverfield,76.0,7.4,Action,80048433.0,25000000.0
168,168,16 Blocks,55.0,6.7,Action,36895141.0,45000000.0
170,170,21 Grams,81.0,7.9,Drama,16248701.0,20000000.0
171,171,25th Hour,78.0,7.9,Drama,13084595.0,4500000.0
174,174,300,60.0,7.8,Action,210614939.0,60000000.0
176,176,Three Kings,94.0,7.3,Action,60652036.0,48000000.0
180,180,Seven Pounds,27.0,7.6,Drama,69951824.0,54000000.0
181,181,8 Mile,74.0,6.7,Drama,116724075.0,41000000.0
182,182,The Whole Nine Yards,45.0,6.6,Comedy,57262492.0,24000000.0
184,184,A Bug's Life,91.0,7.3,Adventure,162798565.0,45000000.0
185,185,Adaptation,91.0,7.9,Comedy,22498520.0,18500000.0
186,186,Air Force One,78.0,6.3,Action,172956409.0,85000000.0
187,187,Alice in Wonderland,51.0,6.7,Adventure,334191110.0,200000000.0
190,190,Almost Famous,88.0,8.0,Comedy,32522352.0,60000000.0
191,191,Evan Almighty,23.0,5.5,Comedy,100289690.0,175000000.0
192,192,Bruce Almighty,48.0,6.6,Comedy,242704995.0,81000000.0
193,193,Alexander,16.0,5.4,Adventure,34297191.0,155000000.0
194,194,American Beauty,89.0,8.6,Drama,130058047.0,15000000.0
196,196,American History X,83.0,8.6,Drama,6719864.0,10000000.0
197,197,American Gangster,79.0,7.9,Drama,130164645.0,100000000.0
199,199,American Pie 2,52.0,6.2,Comedy,145096820.0,30000000.0
200,200,American Wedding,56.0,6.1,Comedy,104354205.0,55000000.0
201,201,American Pie,59.0,6.9,Comedy,101800948.0,12000000.0
205,205,Anger Management,43.0,6.1,Comedy,135560942.0,56000000.0
206,206,Analyze This,68.0,6.6,Comedy,106885658.0,30000000.0
207,207,Apocalypto,64.0,7.9,Adventure,50866635.0,40000000.0
208,208,King Arthur,31.0,6.2,Adventure,51877963.0,90000000.0
211,211,Atonement,83.0,7.9,Drama,50980159.0,30000000.0
214,214,Austin Powers in Goldmember,54.0,6.2,Comedy,213117789.0,63000000.0
216,216,The Aviator,88.0,7.6,Drama,102608827.0,110000000.0
218,218,Babel,69.0,7.6,Drama,34302837.0,20000000.0
219,219,Bad Boys II,24.0,6.2,Action,138540870.0,130000000.0
221,221,Batman Begins,84.0,8.3,Action,205343774.0,150000000.0
222,222,The Curious Case of Benjamin Button,72.0,8.0,Drama,127509326.0,160000000.0
224,224,Blood Diamond,62.0,8.0,Action,57377916.0,100000000.0
227,227,Beowulf,70.0,6.6,Adventure,82195215.0,150000000.0
228,228,Big Fish,77.0,8.1,Drama,66432867.0,70000000.0
229,229,Before Sunset,95.0,8.0,Drama,5792822.0,2000000.0
230,230,The Big Lebowski,78.0,8.2,Comedy,17498804.0,15000000.0
231,231,Black Hawk Down,76.0,7.7,Action,108638745.0,95000000.0
234,234,Blade,55.0,7.0,Action,70141876.0,45000000.0
237,237,Blades of Glory,69.0,6.5,Comedy,118594548.0,61000000.0
238,238,The Blind Side,66.0,7.7,Drama,255959475.0,35000000.0
239,239,Legally Blonde,67.0,6.2,Comedy,96493426.0,18000000.0
240,240,Blow,54.0,7.4,Drama,52990775.0,30000000.0
241,241,A Beautiful Mind,78.0,8.0,Drama,170708996.0,78000000.0
242,242,The Boondock Saints,19.0,7.8,Action,30471.0,7000000.0
243,243,The Book of Eli,47.0,6.9,Action,94835059.0,80000000.0
245,245,Boogie Nights,92.0,7.9,Drama,26410771.0,15000000.0
246,246,The Bourne Identity,82.0,7.7,Action,121468960.0,60000000.0
247,247,The Bourne Supremacy,81.0,7.6,Action,176087450.0,85000000.0
248,248,The Bourne Ultimatum,93.0,8.2,Action,227471070.0,130000000.0
250,250,Brokeback Mountain,87.0,7.8,Drama,83043761.0,13900000.0
251,251,In Bruges,80.0,8.1,Comedy,7800825.0,15000000.0
252,252,Bad Santa,77.0,7.3,Comedy,60060328.0,18000000.0
253,253,Inglourious Basterds,88.0,8.4,Action,120831050.0,70000000.0
255,255,Batman & Robin,11.0,3.5,Action,107325195.0,125000000.0
256,256,Capote,90.0,7.6,Drama,28750530.0,7000000.0
257,257,Cars,74.0,7.5,Comedy,244082982.0,70000000.0
258,258,Cast Away,89.0,7.5,Drama,233632142.0,85000000.0
259,259,Charlie and the Chocolate Factory,82.0,7.1,Comedy,206459076.0,150000000.0
261,261,Charlie's Angels,67.0,5.5,Adventure,125305545.0,90000000.0
264,264,Chicken Run,96.0,7.3,Adventure,106793915.0,42000000.0
266,266,Chocolat,62.0,7.3,Drama,71309760.0,25000000.0
267,267,Cinderella Man,80.0,8.0,Drama,61649911.0,88000000.0
268,268,City of Angels,59.0,6.4,Drama,78750909.0,55000000.0
269,269,Cold Mountain,70.0,7.3,Drama,95632614.0,80000000.0
270,270,Clerks II,63.0,7.7,Comedy,24148068.0,5000000.0
271,271,Constantine,46.0,6.7,Action,75976178.0,75000000.0
272,272,Collateral,86.0,7.8,Action,100170152.0,60000000.0
273,273,Con Air,57.0,6.6,Action,101117573.0,80000000.0
274,274,Contact,67.0,7.3,Drama,100920329.0,90000000.0
275,275,Crank,61.0,7.1,Action,27838408.0,12000000.0
276,276,The Count of Monte Cristo,74.0,7.6,Drama,54228104.0,40000000.0
277,277,Cruel Intentions,47.0,6.7,Drama,38230075.0,11000000.0
279,279,Charlie Wilson's War,81.0,7.3,Drama,66661095.0,75000000.0
280,280,Daredevil,44.0,5.5,Action,102543518.0,80000000.0
282,282,Donnie Darko,84.0,8.3,Drama,1270522.0,4500000.0
284,284,Deep Blue Sea,57.0,5.6,Action,73648228.0,60000000.0
286,286,Live Free or Die Hard,82.0,7.5,Action,134529403.0,110000000.0
288,288,Dogma,68.0,7.3,Comedy,30651422.0,10000000.0
289,289,Donnie Brasco,87.0,7.7,Drama,41954997.0,35000000.0
290,290,Deep Impact,47.0,6.0,Adventure,140464664.0,80000000.0
291,291,The Departed,93.0,8.5,Drama,133311000.0,90000000.0
292,292,Death Race,41.0,6.6,Action,36316032.0,65000000.0
299,299,Elf,84.0,6.8,Comedy,173398518.0,32000000.0
300,300,Once Upon a Time in Mexico,68.0,6.2,Action,56330657.0,29000000.0
302,302,End of Days,11.0,5.4,Action,66889043.0,100000000.0
303,303,Enemy at the Gates,53.0,7.4,Drama,51396781.0,85000000.0
304,304,Enemy of the State,70.0,7.2,Action,111549836.0,85000000.0
306,306,Epic Movie,2.0,2.2,Comedy,39739367.0,20000000.0
307,307,Eragon,16.0,5.0,Adventure,75030163.0,100000000.0
308,308,Erin Brockovich,83.0,7.2,Drama,125548685.0,50000000.0
309,309,Eternal Sunshine of the Spotless Mind,93.0,8.5,Comedy,34366518.0,20000000.0
310,310,Eurotrip,46.0,6.5,Comedy,17718223.0,25000000.0
312,312,Eyes Wide Shut,78.0,7.2,Drama,55691208.0,65000000.0
313,313,Face/Off,93.0,7.3,Action,112276146.0,80000000.0
314,314,Fear and Loathing in Las Vegas,47.0,7.6,Comedy,10680275.0,18500000.0
315,315,The Fifth Element,72.0,7.4,Action,63570862.0,95000000.0
316,316,Fantastic Four,27.0,5.7,Action,154696080.0,87500000.0
317,317,2 Fast 2 Furious,36.0,5.1,Action,127120058.0,76000000.0
318,318,The Fast and the Furious,53.0,6.0,Action,144512310.0,38000000.0
321,321,Fight Club,81.0,8.8,Drama,37030102.0,65000000.0
323,323,Flags of Our Fathers,73.0,7.2,Drama,33602376.0,53000000.0
324,324,United 93,91.0,7.8,Drama,31567134.0,18000000.0
325,325,Finding Nemo,98.0,8.2,Adventure,339714978.0,94000000.0
326,326,The Fountain,51.0,7.4,Drama,10144010.0,35000000.0
328,328,Serenity,81.0,8.0,Action,25514517.0,39000000.0
329,329,The Full Monty,95.0,7.2,Comedy,45950122.0,3500000.0
331,331,Gangs of New York,75.0,7.4,Drama,77730500.0,97000000.0
332,332,Gattaca,82.0,7.8,Drama,12532777.0,36000000.0
333,333,Ghost Rider,26.0,5.2,Action,115802596.0,120000000.0
335,335,Gladiator,77.0,8.3,Action,187683805.0,103000000.0
336,336,The Green Mile,77.0,8.4,Drama,136801374.0,60000000.0
337,337,"Gandhi, My Father",40.0,8.1,Drama,240425.0,5000000.0
339,339,Godzilla,25.0,4.8,Action,136314294.0,125000000.0
340,340,Good Will Hunting,97.0,8.1,Drama,138433435.0,10000000.0
341,341,Galaxy Quest,89.0,7.2,Comedy,71423726.0,45000000.0
342,342,The Constant Gardener,83.0,7.6,Drama,33579798.0,25500000.0
343,343,Garden State,86.0,7.9,Drama,26782316.0,2500000.0
345,345,The Brothers Grimm,37.0,5.9,Adventure,37899638.0,80000000.0
346,346,How the Grinch Stole Christmas,53.0,5.7,Comedy,260044825.0,123000000.0
350,350,Ghost World,92.0,7.7,Comedy,6217849.0,5500000.0
352,352,Hancock,40.0,6.5,Action,227946274.0,150000000.0
356,356,Hellboy,81.0,6.8,Action,59623958.0,60000000.0
357,357,High Fidelity,92.0,7.6,Comedy,27277055.0,20000000.0
358,358,A History of Violence,87.0,7.6,Drama,31493782.0,32000000.0
359,359,Harold & Kumar Escape from Guantanamo Bay,54.0,6.7,Comedy,38108728.0,12000000.0
360,360,Harold & Kumar Go to White Castle,74.0,7.2,Comedy,18225165.0,9000000.0
362,362,The Hangover,78.0,7.9,Comedy,277322503.0,35000000.0
366,366,The Hours,80.0,7.6,Drama,41675994.0,25000000.0
367,367,Harry Potter and the Chamber of Secrets,82.0,7.2,Adventure,261987880.0,100000000.0
368,368,Harry Potter and the Prisoner of Azkaban,90.0,7.7,Adventure,249538952.0,130000000.0
369,369,Harry Potter and the Goblet of Fire,88.0,7.6,Adventure,290013036.0,150000000.0
370,370,Harry Potter and the Order of the Phoenix,78.0,7.4,Adventure,292004738.0,150000000.0
371,371,Harry Potter and the Half-Blood Prince,83.0,7.3,Adventure,301959197.0,250000000.0
373,373,Happy Feet,74.0,6.7,Adventure,198000317.0,85000000.0
374,374,The Hitchhiker's Guide to the Galaxy,60.0,6.6,Comedy,51019112.0,45000000.0
375,375,Hot Fuzz,91.0,8.0,Comedy,23618786.0,16000000.0
376,376,Hulk,62.0,5.7,Action,132177234.0,137000000.0
377,377,The Incredible Hulk,66.0,7.1,Adventure,134806913.0,137500000.0
379,379,Starsky & Hutch,64.0,6.2,Comedy,88200225.0,60000000.0
381,381,Ice Age,77.0,7.4,Adventure,176387405.0,65000000.0
383,383,The Illusionist,74.0,7.7,Drama,39868642.0,16500000.0
385,385,Indiana Jones and the Kingdom of the Crystal Skull,77.0,6.6,Adventure,317023851.0,185000000.0
386,386,I Now Pronounce You Chuck and Larry,14.0,6.1,Comedy,119725280.0,85000000.0
388,388,The Insider,96.0,8.0,Drama,28965197.0,68000000.0
389,389,Iron Man 2,74.0,7.3,Adventure,312128345.0,170000000.0
390,390,Iron Man,94.0,7.9,Action,318604126.0,186000000.0
391,391,The Island,40.0,6.9,Action,35818913.0,120000000.0
392,392,The Italian Job,73.0,6.9,Adventure,106126012.0,60000000.0
393,393,Jackie Brown,85.0,7.6,Drama,39673162.0,12000000.0
394,394,Jarhead,61.0,7.2,Drama,62647540.0,72000000.0
395,395,The World is Not Enough,51.0,6.3,Action,126930660.0,135000000.0
396,396,Die Another Day,59.0,6.0,Action,160942139.0,142000000.0
397,397,Casino Royale,94.0,8.0,Action,167365000.0,102000000.0
398,398,Quantum of Solace,64.0,6.8,Action,169368427.0,230000000.0
401,401,Jay and Silent Bob Strike Back,53.0,6.8,Comedy,30059386.0,22000000.0
402,402,Jumper,17.0,5.9,Adventure,80172128.0,82500000.0
403,403,Juno,93.0,7.9,Comedy,143495265.0,7000000.0
405,405,Kick-Ass,75.0,8.1,Action,48071303.0,28000000.0
407,407,Kill Bill: Volume 1,85.0,8.2,Action,70098138.0,55000000.0
408,408,Kingdom of Heaven,39.0,7.1,Adventure,47398413.0,110000000.0
409,409,King Kong,83.0,7.6,Adventure,218080025.0,207000000.0
411,411,The Kingdom,51.0,7.1,Action,47467250.0,72500000.0
413,413,K-PAX,40.0,7.3,Drama,50315140.0,48000000.0
414,414,A Knight's Tale,58.0,6.6,Adventure,56083966.0,41000000.0
415,415,L.A. Confidential,99.0,8.4,Drama,64604977.0,35000000.0
417,417,Lady in the Water,24.0,5.8,Drama,42285169.0,75000000.0
419,419,Letters from Iwo Jima,91.0,8.1,Drama,13756082.0,13000000.0
420,420,Liar Liar,82.0,6.7,Comedy,181410615.0,45000000.0
421,421,Equilibrium,37.0,7.7,Action,1190018.0,20000000.0
422,422,The Life Aquatic with Steve Zissou,53.0,7.2,Comedy,24006726.0,50000000.0
423,423,The Last King of Scotland,87.0,7.8,Drama,17606684.0,6000000.0
424,424,Little Miss Sunshine,91.0,8.0,Comedy,59891098.0,8000000.0
428,428,Lord of War,61.0,7.7,Action,24149632.0,42000000.0
429,429,The Last Samurai,65.0,7.8,Action,111110575.0,120000000.0
430,430,Lost in Translation,94.0,7.9,Drama,44585453.0,4000000.0
432,432,Lethal Weapon 4,54.0,6.4,Action,130444603.0,140000000.0
435,435,Madagascar,55.0,6.6,Adventure,193595521.0,75000000.0
437,437,Man on the Moon,62.0,7.4,Drama,34580635.0,52000000.0
438,438,The Matrix,86.0,8.7,Action,171479930.0,65000000.0
439,439,Vicky Cristina Barcelona,82.0,7.4,Comedy,23213577.0,16000000.0
441,441,Michael Clayton,90.0,7.5,Drama,49033882.0,21500000.0
442,442,Master and Commander: The Far Side of the World,85.0,7.5,Adventure,93926386.0,135000000.0
443,443,Million Dollar Baby,91.0,8.2,Drama,100492203.0,30000000.0
444,444,Mean Girls,83.0,7.0,Comedy,86047227.0,18000000.0
445,445,Men in Black,91.0,7.0,Adventure,250690539.0,90000000.0
447,447,Meet Joe Black,50.0,6.9,Drama,44650003.0,85000000.0
448,448,Magnolia,83.0,8.0,Drama,22450975.0,37000000.0
450,450,Mission: Impossible III,70.0,6.9,Action,133501348.0,150000000.0
451,451,Miss Congeniality,41.0,6.1,Comedy,106807667.0,45000000.0
454,454,Meet the Fockers,38.0,6.4,Comedy,279167575.0,60000000.0
455,455,Meet the Parents,84.0,7.0,Comedy,166225040.0,55000000.0
456,456,Minority Report,91.0,7.7,Action,132024714.0,102000000.0
457,457,Meet the Spartans,2.0,2.4,Comedy,38233676.0,30000000.0
459,459,The Matrix Reloaded,73.0,7.1,Action,281553689.0,127000000.0
460,460,The Matrix Revolutions,37.0,6.5,Action,139259759.0,110000000.0
461,461,Mulholland Drive,81.0,7.9,Drama,7219578.0,15000000.0
462,462,The Mummy,54.0,6.8,Adventure,155385488.0,80000000.0
463,463,The Mummy Returns,47.0,6.2,Adventure,202007640.0,98000000.0
464,464,The Mummy: Tomb of the Dragon Emperor,13.0,5.1,Adventure,102491776.0,175000000.0
465,465,Munich,78.0,7.8,Drama,47379090.0,75000000.0
466,466,Night at the Museum,43.0,6.4,Comedy,250863268.0,110000000.0
467,467,Miami Vice,47.0,6.0,Action,63478838.0,135000000.0
468,468,Mystic River,87.0,8.0,Drama,90135191.0,30000000.0
469,469,The Chronicles of Narnia: Prince Caspian,67.0,6.9,Adventure,141621490.0,225000000.0
470,470,National Treasure,44.0,6.9,Adventure,173005002.0,100000000.0
471,471,No Country for Old Men,95.0,8.3,Action,74273505.0,25000000.0
472,472,The Incredibles,97.0,8.1,Adventure,261441092.0,92000000.0
473,473,The Negotiator,81.0,7.2,Action,44705766.0,50000000.0
476,476,The Notebook,52.0,8.0,Drama,81001787.0,30000000.0
477,477,Napoleon Dynamite,70.0,6.9,Comedy,44540956.0,400000.0
479,479,Finding Neverland,82.0,7.9,Drama,51676606.0,25000000.0
480,480,Into the Wild,82.0,8.2,Drama,18354356.0,20000000.0
481,481,Ocean's Eleven,81.0,7.6,Comedy,183417150.0,110000000.0
482,482,Ocean's Twelve,55.0,6.0,Adventure,125531634.0,85000000.0
483,483,Ocean's Thirteen,70.0,6.9,Adventure,117144465.0,85000000.0
485,485,Any Given Sunday,49.0,6.6,Drama,75530832.0,60000000.0
486,486,One Hour Photo,81.0,7.0,Drama,31597131.0,12000000.0
487,487,Old School,60.0,7.0,Comedy,75155000.0,24000000.0
489,489,The Passion of the Christ,50.0,7.1,Drama,370782930.0,25000000.0
490,490,Max Payne,17.0,5.4,Action,40687294.0,35000000.0
495,495,Pirates of the Caribbean: Dead Man's Chest,54.0,7.3,Adventure,423315812.0,225000000.0
496,496,Pirates of the Caribbean: At World's End,45.0,7.0,Adventure,309420425.0,300000000.0
497,497,The Chronicles of Riddick,29.0,6.4,Adventure,57712751.0,120000000.0
499,499,Planet of the Apes,44.0,5.5,Adventure,180011740.0,100000000.0
501,501,The Punisher,30.0,6.4,Action,33664370.0,33000000.0
502,502,The Devil Wears Prada,75.0,6.8,Comedy,124740460.0,35000000.0
503,503,Perfume: The Story of a Murderer,58.0,7.5,Drama,2223293.0,63700000.0
504,504,The Pursuit of Happyness,66.0,7.8,Drama,162586036.0,55000000.0
505,505,Pearl Harbor,26.0,5.4,Action,198539855.0,151500000.0
508,508,The Patriot,62.0,6.9,Drama,113330342.0,110000000.0
509,509,Public Enemies,68.0,7.1,Drama,97104620.0,102500000.0
510,510,Punch-Drunk Love,79.0,7.4,Comedy,17791031.0,25000000.0
512,512,Ratatouille,96.0,8.1,Comedy,206445654.0,150000000.0
513,513,Rocky Balboa,76.0,7.4,Drama,70269899.0,24000000.0
515,515,The Reader,61.0,7.7,Drama,34192652.0,33000000.0
518,518,Resident Evil: Extinction,22.0,6.2,Action,50648679.0,45000000.0
520,520,Revolutionary Road,68.0,7.6,Drama,22911480.0,35000000.0
521,521,Be Kind Rewind,65.0,6.6,Comedy,11175164.0,20000000.0
522,522,Rounders,64.0,7.3,Drama,22921898.0,12000000.0
523,523,Ronin,68.0,7.2,Action,41610884.0,55000000.0
524,524,Requiem for a Dream,78.0,8.5,Drama,3635482.0,4500000.0
525,525,Rat Race,43.0,6.4,Comedy,56607223.0,48000000.0
526,526,Remember the Titans,72.0,7.5,Drama,115654751.0,30000000.0
527,527,Road Trip,59.0,6.4,Comedy,68525609.0,16000000.0
528,528,Rush Hour 2,51.0,6.4,Action,226164286.0,90000000.0
529,529,Rush Hour,60.0,6.8,Action,141186864.0,35000000.0
531,531,Hotel Rwanda,90.0,8.3,Drama,23519128.0,17500000.0
537,537,Scary Movie 2,14.0,4.7,Comedy,71277420.0,45000000.0
538,538,Scary Movie 3,37.0,5.4,Comedy,110000082.0,45000000.0
539,539,About Schmidt,85.0,7.3,Drama,65005217.0,30000000.0
543,543,Stardust,76.0,7.9,Adventure,38634938.0,70000000.0
544,544,Sex and the City,49.0,5.4,Comedy,152647258.0,57500000.0
545,545,Swordfish,25.0,6.3,Action,69772969.0,80000000.0
546,546,Scary Movie,53.0,6.0,Comedy,157019771.0,19000000.0
547,547,Shaun of the Dead,91.0,8.0,Comedy,13542874.0,5000000.0
551,551,Sherlock Holmes,69.0,7.5,Adventure,209028679.0,80000000.0
552,552,Shrek,89.0,8.0,Adventure,267655011.0,50000000.0
553,553,Shrek 2,89.0,7.5,Adventure,441226247.0,70000000.0
554,554,Shrek the Third,41.0,6.1,Adventure,322719944.0,160000000.0
555,555,Shark Tale,35.0,5.9,Adventure,160861908.0,75000000.0
558,558,The Simpsons Movie,89.0,7.6,Comedy,183135014.0,72500000.0
559,559,Sin City,77.0,8.3,Action,74103820.0,40000000.0
564,564,Slumdog Millionaire,94.0,8.3,Drama,141319928.0,14000000.0
565,565,Smokin' Aces,28.0,6.6,Comedy,35662731.0,17000000.0
568,568,Lemony Snicket's A Series of Unfortunate Events,71.0,6.9,Comedy,118627117.0,100000000.0
571,571,Superbad,87.0,7.8,Comedy,121463226.0,17500000.0
572,572,Spider-Man 2,93.0,7.7,Adventure,373524485.0,200000000.0
573,573,Spider-Man 3,63.0,6.4,Adventure,336530303.0,258000000.0
574,574,Spider-Man,89.0,7.4,Adventure,403706375.0,139000000.0
575,575,Superman Returns,76.0,6.6,Adventure,200120000.0,232000000.0
576,576,Spy Game,65.0,6.9,Action,62362560.0,90000000.0
577,577,Starship Troopers,60.0,7.1,Action,54768952.0,100000000.0
578,578,Stranger Than Fiction,72.0,7.8,Comedy,40435190.0,30000000.0
580,580,The Perfect Storm,47.0,6.2,Drama,182618434.0,120000000.0
582,582,Saving Private Ryan,91.0,8.5,Drama,216335085.0,65000000.0
583,583,S.W.A.T.,48.0,5.9,Action,116877597.0,70000000.0
584,584,Sideways,97.0,7.8,Drama,71502303.0,17000000.0
587,587,Talladega Nights: The Ballad of Ricky Bobby,72.0,6.4,Comedy,148213377.0,73000000.0
588,588,The Talented Mr. Ripley,82.0,7.2,Drama,81292135.0,40000000.0
591,591,Transformers,57.0,7.3,Action,319246193.0,151000000.0
592,592,Transformers: Revenge of the Fallen,20.0,6.0,Action,402111870.0,210000000.0
593,593,The Thin Red Line,78.0,7.5,Drama,36400491.0,52000000.0
594,594,The League of Extraordinary Gentlemen,17.0,5.5,Adventure,66465204.0,78000000.0
596,596,Tomorrow Never Dies,55.0,6.4,Action,125304276.0,110000000.0
599,599,The Day After Tomorrow,46.0,6.3,Adventure,186740799.0,125000000.0
601,601,Toy Story 2,100.0,8.0,Adventure,245852179.0,90000000.0
602,602,Toy Story 3,99.0,8.9,Adventure,410640665.0,200000000.0
603,603,Traffic,91.0,7.8,Drama,124107476.0,48000000.0
604,604,Training Day,72.0,7.6,Drama,76261036.0,45000000.0
605,605,Star Trek,94.0,8.2,Adventure,257730019.0,140000000.0
606,606,The Terminal,60.0,7.1,Drama,77073959.0,75000000.0
608,608,The Transporter,53.0,6.6,Action,25296447.0,21000000.0
609,609,Tropic Thunder,83.0,7.2,Comedy,110461307.0,90000000.0
610,610,Troy,54.0,7.0,Action,133298577.0,150000000.0
611,611,xXx,48.0,5.5,Action,141930000.0,70000000.0
612,612,The Truman Show,95.0,8.0,Drama,125618201.0,60000000.0
616,616,Underworld,30.0,6.7,Action,51970690.0,22000000.0
617,617,Underworld: Evolution,15.0,6.6,Action,62318875.0,45000000.0
618,618,Up,98.0,8.4,Adventure,293004164.0,175000000.0
620,620,V for Vendetta,73.0,8.2,Action,70511035.0,50000000.0
621,621,Van Helsing,22.0,5.5,Action,120150546.0,170000000.0
625,625,WALL-E,96.0,8.5,Comedy,223808164.0,180000000.0
626,626,Watchmen,64.0,7.8,Action,107509799.0,138000000.0
627,627,We Were Soldiers,62.0,6.9,Drama,78120196.0,70000000.0
630,630,Walk the Line,82.0,7.9,Drama,119519402.0,29000000.0
631,631,Wild Wild West,21.0,4.3,Adventure,113805681.0,175000000.0
633,633,The Wrestler,98.0,8.2,Drama,26236603.0,6000000.0
634,634,Sky Captain and the World of Tomorrow,72.0,6.3,Adventure,37760080.0,70000000.0
635,635,The Waterboy,32.0,5.7,Comedy,161491646.0,23000000.0
637,637,X-Men,82.0,7.4,Action,157299717.0,75000000.0
639,639,X-Men: The Last Stand,57.0,6.9,Action,234362462.0,150000000.0
640,640,The Expendables,40.0,7.1,Action,101384023.0,82000000.0
641,641,Yes Man,43.0,7.0,Comedy,97690976.0,50000000.0
642,642,You've Got Mail,68.0,6.2,Drama,115821495.0,65000000.0
643,643,Zoolander,62.0,6.4,Comedy,45172250.0,28000000.0
644,644,Zombieland,89.0,7.8,Comedy,75590286.0,23600000.0
645,645,Zack and Miri Make a Porno,65.0,7.0,Comedy,31452765.0,24000000.0
